filepath	title
ShareGPT4V/data/sam/images/sa_11800.jpg	In the image, a group of people are gathered on a rocky pier, their attention focused on a blue and white boat that's docked nearby. The boat, with its white cabin and blue hull, stands out against the backdrop of the clear blue sky. The people, dressed in summer attire, are standing on the right side of the pier, their gazes directed towards the boat. The pier itself is constructed from large rocks, adding a rugged charm to the scene. Beyond the pier, the vast expanse of the ocean stretches out, meeting the sky at the horizon. The image captures a moment of anticipation, as if the group is waiting for the boat to set sail.
ShareGPT4V/data/sam/images/sa_11800.jpg	In the image, a group of people are gathered on a rocky pier, their attention focused on a blue and white boat that's docked nearby.
ShareGPT4V/data/sam/images/sa_14186.jpg	"The image captures a serene scene in a park. Dominating the foreground is a sign, standing tall on a wooden post. The sign is white, adorned with a black arrow pointing to the right, indicating the direction to the ""Wikinger Museum Haithabu"". The text on the sign, ""Herzlich Willkommen"", translates to ""Welcome"" in English, extending a warm greeting to visitors.  The sign is situated on a brick path, which meanders through the lush greenery of the park. The path is flanked by trees and bushes, their leaves a vibrant green, suggesting it might be spring or summer. The sky, peeking through the canopy of leaves, is a clear blue, adding to the overall tranquility of the scene.  The sign, the path, and the surrounding greenery all combine to create a welcoming atmosphere, inviting visitors to explore the ""Wikinger Museum Haithabu""."
ShareGPT4V/data/sam/images/sa_14186.jpg	The image captures a serene scene in a park.
ShareGPT4V/data/sam/images/sa_17042.jpg	The image captures a serene scene at a temple in Thailand. Dominating the center of the frame is a large silver statue of Buddha, seated in a meditative pose on a pedestal. The statue is surrounded by an array of offerings, including flowers and incense, which are scattered around the base of the statue, adding a sense of reverence to the scene.  In the background, a temple with a pointed roof and intricate decorations can be seen, suggesting a place of worship. The sky above is a clear blue, indicating a sunny day, which bathes the entire scene in natural light, enhancing the colors and details of the objects in the image.  The image does not contain any discernible text. The relative positions of the objects suggest a well-organized space, with the Buddha statue as the focal point, and the offerings and the temple serving as the backdrop. The overall composition of the image conveys a sense of tranquility and devotion.
ShareGPT4V/data/sam/images/sa_17042.jpg	The image captures a serene scene at a temple in Thailand.
ShareGPT4V/data/sam/images/sa_13641.jpg	In the image, a person is standing on a grassy field, dressed in a traditional outfit that is predominantly white and brown. The outfit includes a pair of brown boots, which are adorned with white fur on the tops. The person is also wearing a brown belt, which is fastened with a silver buckle. Adding to the traditional attire, the person is wearing a brown hat, which is decorated with a red tassel. The background of the image is a grassy field, providing a natural setting for the person's attire. There are no discernible texts or other objects in the image. The relative position of the objects suggests that the person is the main subject of the image, with the field serving as the backdrop.
ShareGPT4V/data/sam/images/sa_13641.jpg	In the image, a person is standing on a grassy field, dressed in a traditional outfit that is predominantly white and brown.
ShareGPT4V/data/sam/images/sa_13189.jpg	The image captures a dynamic moment in a soccer match. The main focus is on two players, one in a white jersey and the other in a red jersey. The player in the white jersey is in the act of kicking the ball, which is white with black spots. The player in the red jersey is in the process of attempting to block the kick. The background of the image is a vibrant blue wall adorned with a mural, adding a splash of color to the scene. The perspective of the image is from the side of the field, providing a clear view of the players and their actions. The image does not contain any discernible text. The relative positions of the players and the ball suggest a tense moment in the game, with the outcome hanging in the balance.
ShareGPT4V/data/sam/images/sa_13189.jpg	The image captures a dynamic moment in a soccer match.
ShareGPT4V/data/sam/images/sa_14282.jpg	The image captures a breathtaking view of a mountainous landscape. Dominating the scene is a large white statue of a man, standing tall on the right side of the mountain. The man is depicted in a dynamic pose, holding a sword in his right hand and a shield in his left, as if ready for battle. The statue is adorned with a red and white Turkish flag, fluttering in the breeze, adding a vibrant splash of color to the scene.  The mountain itself is lush with greenery, providing a stark contrast to the white of the statue. Nestled at the foot of the mountain is a small village, its presence hinted at by a few buildings peeking through the foliage. The sky above is a clear blue, dotted with fluffy white clouds, completing the picturesque setting.  The image is taken from a vantage point across the water, offering a panoramic view of the mountain and its surroundings. The perspective gives a sense of scale and grandeur to the scene, highlighting the imposing stature of the statue and the mountain itself. The image is a testament to the beauty of nature and the artistry of human creation.
ShareGPT4V/data/sam/images/sa_14282.jpg	The image captures a breathtaking view of a mountainous landscape.
ShareGPT4V/data/sam/images/sa_13676.jpg	"The image captures a vibrant scene at a car show. Dominating the foreground is a striking red Mercedes-Benz W123, parked on a grassy field. The car's vibrant red color stands out against the green of the grass, drawing the viewer's attention. The car is facing towards the right side of the image, as if ready to drive off into the distance.  In the background, the car show continues. Other cars, each with their own unique designs and colors, are scattered across the field, creating a mosaic of automotive art. Among them, a white sign with the text ""ВЫБЕЗД"" stands out, adding an element of mystery to the scene.  The sky above is a clear blue, suggesting a perfect day for a car show. In the far distance, buildings can be seen, hinting at a nearby urban landscape. The image is a snapshot of a moment in time at the car show, capturing the anticipation and excitement of the event."
ShareGPT4V/data/sam/images/sa_13676.jpg	The image captures a vibrant scene at a car show.
ShareGPT4V/data/sam/images/sa_16780.jpg	The image captures a breathtaking view of the Hong Kong skyline, as seen from a high vantage point. The cityscape is a blend of modern skyscrapers and towering buildings, their glass facades reflecting the clear blue sky. The perspective of the photo is from a high-rise building, with a large glass window in the foreground, adding depth to the image. The sky above is a vibrant blue, dotted with fluffy white clouds. In the distance, the silhouette of mountains can be seen, adding a touch of natural beauty to the urban landscape. The image is a testament to the bustling city life in Hong Kong, juxtaposed with the tranquility of nature.
ShareGPT4V/data/sam/images/sa_16780.jpg	The image captures a breathtaking view of the Hong Kong skyline, as seen from a high vantage point.
ShareGPT4V/data/sam/images/sa_17377.jpg	This is a black and white photograph capturing a moment in time during World War II. The image features a group of soldiers, all dressed in khaki uniforms and helmets, marching in a line through a field. Each soldier is carrying a rifle and a backpack, suggesting they are on a mission or patrol. The perspective of the photo is from a low angle, looking up at the soldiers, which adds a sense of grandeur and importance to their journey. The field they are traversing is dotted with trees and bushes, adding a touch of nature to the scene. The black and white color scheme of the photograph enhances the historical feel of the image, transporting the viewer back to the era of World War II.
ShareGPT4V/data/sam/images/sa_17377.jpg	This is a black and white photograph capturing a moment in time during World War II.
ShareGPT4V/data/sam/images/sa_18093.jpg	The image captures the majestic Petronas Twin Towers, the tallest twin towers in the world, standing proudly in the heart of Kuala Lumpur, Malaysia. The towers, painted in a pristine white, rise majestically against the backdrop of a clear blue sky. The sun is setting, casting a warm glow that bathes the towers in a soft light. The perspective of the photo is from a park, where palm trees sway gently in the breeze, adding a touch of tropical charm to the urban landscape. The park is dotted with benches, inviting passersby to sit and soak in the view. The image beautifully encapsulates the blend of urban architecture and natural beauty.
ShareGPT4V/data/sam/images/sa_18093.jpg	The image captures the majestic Petronas Twin Towers, the tallest twin towers in the world, standing proudly in the heart of Kuala Lumpur, Malaysia.
